{
  "train": {
    "num_samples": 100000,
    "filter_type_counts": {
      "bandstop": 17551,
      "bandpass": 54255,
      "lowpass": 14211,
      "highpass": 13983
    },
    "macro_counts_top": [
      [
        "<MAC_CELL_LS_CS>",
        68466
      ],
      [
        "<MAC_CELL_BS_PAR_SER_LC>",
        17551
      ],
      [
        "<MAC_CELL_CS_LS>",
        13983
      ]
    ],
    "k_counts_top": [
      [
        "<K_3>",
        19454
      ],
      [
        "<K_2>",
        19165
      ],
      [
        "<K_6>",
        12891
      ],
      [
        "<K_4>",
        12457
      ],
      [
        "<K_8>",
        11670
      ],
      [
        "<K_7>",
        8061
      ],
      [
        "<K_5>",
        8020
      ],
      [
        "<K_1>",
        3736
      ],
      [
        "<K_10>",
        2558
      ],
      [
        "<K_9>",
        1988
      ]
    ],
    "by_filter_type": {
      "bandpass": {
        "count": 54255,
        "fc_hz": {
          "count": 54255,
          "min": 100011697.47223969,
          "median": 701394361.4342586,
          "mean": 1250939128.9538145,
          "max": 4999354423.1976595
        },
        "dsl_token_len": {
          "count": 54255,
          "min": 19.0,
          "median": 31.0,
          "mean": 31.886148742051425,
          "max": 43.0
        },
        "cell_count": {
          "count": 54255,
          "min": 2.0,
          "median": 6.0,
          "mean": 6.295382914017141,
          "max": 10.0
        },
        "k_dist_top": [
          [
            "<K_6>",
            12891
          ],
          [
            "<K_8>",
            11670
          ],
          [
            "<K_7>",
            8061
          ],
          [
            "<K_5>",
            8020
          ],
          [
            "<K_4>",
            5326
          ],
          [
            "<K_10>",
            2558
          ],
          [
            "<K_3>",
            2065
          ],
          [
            "<K_9>",
            1988
          ],
          [
            "<K_2>",
            1676
          ]
        ],
        "ideal_vs_real_mean_abs_db": {
          "count": 54255,
          "min": 0.2674353415537203,
          "median": 5.645739335586764,
          "mean": 6.422772641667324,
          "max": 32.31344318021091
        }
      },
      "bandstop": {
        "count": 17551,
        "fc_hz": {
          "count": 17551,
          "min": 100001820.3403365,
          "median": 711893773.0791641,
          "mean": 1264232845.1598287,
          "max": 4999438226.16818
        },
        "dsl_token_len": {
          "count": 17551,
          "min": 18.0,
          "median": 28.0,
          "mean": 26.946213890946385,
          "max": 33.0
        },
        "cell_count": {
          "count": 17551,
          "min": 1.0,
          "median": 3.0,
          "mean": 2.789242778189277,
          "max": 4.0
        },
        "k_dist_top": [
          [
            "<K_2>",
            6759
          ],
          [
            "<K_3>",
            6739
          ],
          [
            "<K_4>",
            3722
          ],
          [
            "<K_1>",
            331
          ]
        ],
        "ideal_vs_real_mean_abs_db": {
          "count": 17551,
          "min": 0.00023952661470405534,
          "median": 2.5656633053079156,
          "mean": 3.0549635935575177,
          "max": 17.19192610440984
        }
      },
      "highpass": {
        "count": 13983,
        "fc_hz": {
          "count": 13983,
          "min": 100050997.42552084,
          "median": 715318427.9302733,
          "mean": 1246807576.298152,
          "max": 4999790870.729674
        },
        "dsl_token_len": {
          "count": 13983,
          "min": 16.0,
          "median": 19.0,
          "mean": 20.477150826003005,
          "max": 25.0
        },
        "cell_count": {
          "count": 13983,
          "min": 1.0,
          "median": 2.0,
          "mean": 2.492383608667668,
          "max": 4.0
        },
        "k_dist_top": [
          [
            "<K_2>",
            5330
          ],
          [
            "<K_3>",
            5279
          ],
          [
            "<K_1>",
            1714
          ],
          [
            "<K_4>",
            1660
          ]
        ],
        "ideal_vs_real_mean_abs_db": {
          "count": 13983,
          "min": 0.03378066344120531,
          "median": 0.47436365504547773,
          "mean": 0.5391419182549844,
          "max": 2.617975000948703
        }
      },
      "lowpass": {
        "count": 14211,
        "fc_hz": {
          "count": 14211,
          "min": 100010193.43289648,
          "median": 707580074.2431599,
          "mean": 1251235793.3175807,
          "max": 4993110217.497998
        },
        "dsl_token_len": {
          "count": 14211,
          "min": 16.0,
          "median": 22.0,
          "mean": 20.515305045387375,
          "max": 25.0
        },
        "cell_count": {
          "count": 14211,
          "min": 1.0,
          "median": 3.0,
          "mean": 2.505101681795792,
          "max": 4.0
        },
        "k_dist_top": [
          [
            "<K_2>",
            5400
          ],
          [
            "<K_3>",
            5371
          ],
          [
            "<K_4>",
            1749
          ],
          [
            "<K_1>",
            1691
          ]
        ],
        "ideal_vs_real_mean_abs_db": {
          "count": 14211,
          "min": 0.050565685889950286,
          "median": 0.4663668928823173,
          "mean": 0.5344170870523733,
          "max": 2.2291728298499014
        }
      }
    }
  },
  "val": {
    "num_samples": 5000,
    "filter_type_counts": {
      "bandpass": 2669,
      "lowpass": 717,
      "bandstop": 899,
      "highpass": 715
    },
    "macro_counts_top": [
      [
        "<MAC_CELL_LS_CS>",
        3386
      ],
      [
        "<MAC_CELL_BS_PAR_SER_LC>",
        899
      ],
      [
        "<MAC_CELL_CS_LS>",
        715
      ]
    ],
    "k_counts_top": [
      [
        "<K_2>",
        994
      ],
      [
        "<K_3>",
        971
      ],
      [
        "<K_4>",
        652
      ],
      [
        "<K_6>",
        615
      ],
      [
        "<K_8>",
        542
      ],
      [
        "<K_5>",
        420
      ],
      [
        "<K_7>",
        410
      ],
      [
        "<K_1>",
        177
      ],
      [
        "<K_10>",
        116
      ],
      [
        "<K_9>",
        103
      ]
    ],
    "by_filter_type": {
      "bandpass": {
        "count": 2669,
        "fc_hz": {
          "count": 2669,
          "min": 100017965.58050217,
          "median": 715665386.3599051,
          "mean": 1247276759.7107632,
          "max": 4996079012.130506
        },
        "dsl_token_len": {
          "count": 2669,
          "min": 19.0,
          "median": 31.0,
          "mean": 31.765455226676657,
          "max": 43.0
        },
        "cell_count": {
          "count": 2669,
          "min": 2.0,
          "median": 6.0,
          "mean": 6.255151742225553,
          "max": 10.0
        },
        "k_dist_top": [
          [
            "<K_6>",
            615
          ],
          [
            "<K_8>",
            542
          ],
          [
            "<K_5>",
            420
          ],
          [
            "<K_7>",
            410
          ],
          [
            "<K_4>",
            293
          ],
          [
            "<K_10>",
            116
          ],
          [
            "<K_9>",
            103
          ],
          [
            "<K_3>",
            100
          ],
          [
            "<K_2>",
            70
          ]
        ],
        "ideal_vs_real_mean_abs_db": {
          "count": 2669,
          "min": 0.31818002585563204,
          "median": 5.950670004654356,
          "mean": 6.608819578413188,
          "max": 25.37591322483426
        }
      },