{
  "num_samples": 2000,
  "failed_samples": 0,
  "nonfinite_logits": 0,
  "nonfinite_slot": 0,
  "nonfinite_target": 0,
  "nonfinite_pred_pre": 0,
  "nonfinite_pred_post": 0,
  "mse_pre": 2247.965707540174,
  "mse_post": 978.1714749140267,
  "macro_acc": 0.7347916666666666,
  "macro_non_skip_acc": 0.44090739357729647,
  "len_mae": 1.041,
  "len_exact": 0.324,
  "yield_total": 2000,
  "yield_pre": 0.0,
  "yield_post": 0.0,
  "per_filter_type": {
    "lowpass": {
      "count": 395,
      "failed": 0,
      "mse_pre": 1164.9958700445634,
      "mse_post": 307.5872995014432,
      "macro_acc": 0.760759493670886,
      "macro_non_skip_acc": 0.43668341708542713,
      "len_mae": 0.7037974683544304,
      "len_exact": 0.4810126582278481,
      "yield_total": 395,
      "yield_pre": 0.0,
      "yield_post": 0.0
    },
    "highpass": {
      "count": 436,
      "failed": 0,
      "mse_pre": 1994.0725047610222,
      "mse_post": 352.0660453673896,
      "macro_acc": 0.7834480122324159,
      "macro_non_skip_acc": 0.5065521915951198,
      "len_mae": 0.7729357798165137,
      "len_exact": 0.4105504587155963,
      "yield_total": 436,
      "yield_pre": 0.0,
      "yield_post": 0.0
    },
    "bandpass": {
      "count": 699,
      "failed": 0,
      "mse_pre": 2320.504259297776,
      "mse_post": 1227.0623875564772,
      "macro_acc": 0.6276824034334764,
      "macro_non_skip_acc": 0.24246877296105804,
      "len_mae": 1.4148783977110158,
      "len_exact": 0.16738197424892703,
      "yield_total": 699,
      "yield_pre": 0.0,
      "yield_post": 0.0
    },
    "bandstop": {
      "count": 470,
      "failed": 0,
      "mse_pre": 3285.7658661442442,
      "mse_post": 1752.4011954102637,
      "macro_acc": 0.8271276595744681,
      "macro_non_skip_acc": 0.7184666117065128,
      "len_mae": 1.0170212765957447,
      "len_exact": 0.3446808510638298,
      "yield_total": 470,
      "yield_pre": 0.0,
      "yield_post": 0.0
    }
  },
  "config": "/home/booker/wavefilter-gen/checkpoints/bilevel_motif_10k/input_config.json",
  "checkpoint": "checkpoints/bilevel_motif_10k/epoch_2/pytorch_model.bin"
}