{
  "num_samples": 2000,
  "failed_samples": 0,
  "nonfinite_logits": 0,
  "nonfinite_slot": 0,
  "nonfinite_target": 0,
  "nonfinite_pred_pre": 0,
  "nonfinite_pred_post": 0,
  "mse_pre": 1995.467069627762,
  "mse_post": 699.2539690200389,
  "macro_acc": 0.693,
  "macro_non_skip_acc": 0.5588406924722816,
  "len_mae": 0.2755,
  "len_exact": 0.7315,
  "yield_total": 2000,
  "yield_pre": 0.0,
  "yield_post": 0.0,
  "per_filter_type": {
    "lowpass": {
      "count": 522,
      "failed": 0,
      "mse_pre": 1448.0239759934816,
      "mse_post": 120.31203063614524,
      "macro_acc": 0.6125478927203065,
      "macro_non_skip_acc": 0.4377387318563789,
      "len_mae": 0.2049808429118774,
      "len_exact": 0.7950191570881227,
      "yield_total": 522,
      "yield_pre": 0.0,
      "yield_post": 0.0
    },
    "highpass": {
      "count": 472,
      "failed": 0,
      "mse_pre": 1011.4922029042648,
      "mse_post": 164.35255168858222,
      "macro_acc": 0.6949152542372882,
      "macro_non_skip_acc": 0.5269814502529511,
      "len_mae": 0.1271186440677966,
      "len_exact": 0.8728813559322034,
      "yield_total": 472,
      "yield_pre": 0.0,
      "yield_post": 0.0
    },
    "bandpass": {
      "count": 502,
      "failed": 0,
      "mse_pre": 3129.938605775871,
      "mse_post": 1056.4611346446186,
      "macro_acc": 0.6210159362549801,
      "macro_non_skip_acc": 0.41679748822605966,
      "len_mae": 0.4900398406374502,
      "len_exact": 0.5378486055776892,
      "yield_total": 502,
      "yield_pre": 0.0,
      "yield_post": 0.0
    },
    "bandstop": {
      "count": 504,
      "failed": 0,
      "mse_pre": 2353.992309358385,
      "mse_post": 1444.022150911509,
      "macro_acc": 0.8462301587301587,
      "macro_non_skip_acc": 0.8338192419825073,
      "len_mae": 0.27380952380952384,
      "len_exact": 0.7261904761904762,
      "yield_total": 504,
      "yield_pre": 0.0,
      "yield_post": 0.0
    }
  },
  "config": "/home/booker/wavefilter-gen/checkpoints/bilevel_balanced_10k/input_config.json",
  "checkpoint": "checkpoints/bilevel_balanced_10k/epoch_5/pytorch_model.bin"
}